Region,p_value,t_value,p_value_FDR
lh_bankssts_part1,0.00234766384704876,-3.051645589,0.00331688286647257
lh_bankssts_part2,0.00776090070426438,-2.668925307,0.0101717336889933
lh_caudalanteriorcingulate_part1,0.0283447604662812,-2.196550721,0.0341022899359946
lh_caudalmiddlefrontal_part1,5.6625657496312e-09,-5.890288633,6.83062791627921e-08
lh_caudalmiddlefrontal_part2,1.82069590404232e-07,-5.262374597,1.13900980125869e-06
lh_caudalmiddlefrontal_part3,0.00245048283445448,-3.038734174,0.00344634115530585
lh_caudalmiddlefrontal_part4,5.15450542581952e-07,-5.062233236,2.58462533710908e-06
lh_cuneus_part1,7.20028110356985e-06,-4.516841992,2.17420252931325e-05
lh_cuneus_part2,0.0123766476600078,-2.507025752,0.01588336449701
lh_entorhinal_part1,0.771081671834453,-0.291060859,0.776121421323567
lh_fusiform_part1,6.53350478730941e-05,-4.014050116,0.000137830100992555
lh_fusiform_part2,2.2106092844032e-06,-4.765489497,8.10556737614506e-06
lh_fusiform_part3,0.000299880523099372,-3.631673839,0.000527789720654894
lh_fusiform_part4,0.00037713153577057,-3.571048812,0.000648919067135952
lh_fusiform_part5,2.7723749962405e-09,-6.013284231,4.06614999448607e-08
lh_inferiorparietal_part1,1.24283758728971e-07,-5.331683524,8.69986311102799e-07
lh_inferiorparietal_part2,4.43289571716576e-09,-5.933559371,6.20605400403207e-08
lh_inferiorparietal_part3,0.0526910691202168,-1.940338106,0.0603302947547464
lh_inferiorparietal_part4,2.31077596501983e-07,-5.216155491,1.36869037928098e-06
lh_inferiorparietal_part5,1.05932548399856e-06,-4.918346182,4.53155901488274e-06
lh_inferiorparietal_part6,1.05428606188562e-05,-4.432464213,2.95200097327974e-05
lh_inferiorparietal_part7,0.00444018933498314,-2.85346782,0.00602457407565994
lh_inferiorparietal_part8,9.10045372393142e-11,-6.571445507,3.5036746837136e-09
lh_inferiortemporal_part1,5.42875428640732e-05,-4.058573453,0.000118585554625068
lh_inferiortemporal_part2,0.00106492255602386,-3.285435326,0.00163998073627675
lh_inferiortemporal_part3,0.000207188305260009,-3.72649025,0.000379845226310016
lh_inferiortemporal_part4,2.47322371765835e-05,-4.240679883,6.09402324031016e-05
lh_inferiortemporal_part5,0.000437835136606002,-3.530859589,0.000745045425826788
lh_inferiortemporal_part6,0.000631176059935901,-3.431368658,0.00101781270398041
lh_isthmuscingulate_part1,2.51022536090773e-11,-6.767365974,1.28858235193263e-09
lh_isthmuscingulate_part2,5.58492026601076e-05,-4.05051244,0.000120290590344847
lh_lateraloccipital_part1,0.00108758719962987,-3.278952551,0.00166655152978109
lh_lateraloccipital_part2,2.19467979345467e-08,-5.649362022,2.06340714588767e-07
lh_lateraloccipital_part3,0.537530213346399,-0.616818047,0.553710052544117
lh_lateraloccipital_part4,1.36978162146306e-09,-6.126718677,2.63682962131639e-08
lh_lateraloccipital_part5,0.316499240317272,-1.002273677,0.334988886658831
lh_lateraloccipital_part6,0.0282602848837505,-2.197698463,0.0341022899359946
lh_lateraloccipital_part7,0.282288315141901,-1.075910121,0.301891670360089
lh_lateraloccipital_part8,0.00983966093785293,-2.587466531,0.0128415913934691
lh_lateraloccipital_part9,0.251508666304038,-1.147454994,0.271805856918048
lh_lateralorbitofrontal_part1,0.000179924682541577,-3.762841829,0.000335403172419732
lh_lateralorbitofrontal_part2,8.03690042721072e-05,-3.962388488,0.000163931478912643
lh_lateralorbitofrontal_part3,1.70360632658628e-05,-4.326203822,4.4847072528938e-05
lh_lateralorbitofrontal_part4,0.304523740099829,-1.027417585,0.324318140270579
lh_lingual_part1,1.76502157775982e-05,-4.319264725,4.56829114243718e-05
lh_lingual_part2,0.208960200161086,-1.25747695,0.227419581800758
lh_lingual_part3,0.0546048187786824,-1.924950538,0.0622899414216081
lh_lingual_part4,0.152243010704392,-1.433029243,0.168067553035673
lh_lingual_part5,0.0133431596564232,-2.479449523,0.0170526687725242
lh_lingual_part6,8.69334277214806e-05,-3.945242353,0.000172745133794942
lh_medialorbitofrontal_part1,2.15058164831916e-07,-5.230989433,1.29878264251432e-06
lh_medialorbitofrontal_part2,6.3118348175295e-05,-4.02204621,0.000134072077503385
lh_medialorbitofrontal_part3,1.77757927266597e-06,-4.812856943,6.67676117050146e-06
lh_middletemporal_part1,4.86939476185277e-07,-5.070421586,2.54198912991636e-06
lh_middletemporal_part2,3.78058926142621e-06,-4.655624183,1.30833875563963e-05
lh_middletemporal_part3,1.68606909545232e-08,-5.701199954,1.73103093799772e-07
lh_middletemporal_part4,4.30337819521398e-05,-4.112342374,9.60464118931816e-05
lh_middletemporal_part5,1.93159924721797e-08,-5.676574641,1.91913731659076e-07
lh_parahippocampal_part1,0.160888260314257,-1.403417895,0.176977086345683
lh_parahippocampal_part2,0.000245647364806256,-3.683394665,0.000445055225648982
lh_paracentral_part1,5.48464172109853e-05,-4.054167171,0.000118962651415377
lh_paracentral_part2,0.000151893362572153,-3.804669951,0.000287013224982964
lh_paracentral_part3,2.21079337059393e-08,-5.649700642,2.06340714588767e-07
lh_parsopercularis_part1,2.10806261335961e-10,-6.432520479,5.9025753174069e-09
lh_parsopercularis_part2,0.00059063960417971,-3.448262761,0.000957457884670267
lh_parsopercularis_part3,0.000153332597109923,-3.803375542,0.000287966097011319
lh_parsorbitalis_part1,1.69139802130847e-06,-4.823820104,6.51188238203759e-06
lh_parstriangularis_part1,5.9411320307845e-10,-6.268604707,1.33183324368957e-08
lh_parstriangularis_part2,1.50678860277864e-07,-5.298302633,1.00889323838222e-06
lh_pericalcarine_part1,0.43375711858783,-0.783186486,0.451341866638688
lh_pericalcarine_part2,0.377170822136443,-0.883591314,0.39647990859394
lh_postcentral_part1,0.0107945380805607,-2.555256538,0.014028344847311
lh_postcentral_part2,4.22073192640759e-06,-4.631193124,1.44442825925949e-05
lh_postcentral_part3,0.00127287527015496,-3.233760762,0.00187581618759678
lh_postcentral_part4,0.0149540001536724,-2.438814361,0.0187993144789025
lh_postcentral_part5,0.0116182372234487,-2.529587097,0.0150353658185806
lh_postcentral_part6,0.350353602837202,-0.934470585,0.369551060526912
lh_postcentral_part7,6.60400016894158e-08,-5.456619966,5.35271592640528e-07
lh_postcentral_part8,0.0141286565024454,-2.459291686,0.0179079267603012
lh_posteriorcingulate_part1,3.69275396927549e-08,-5.556097622,3.24962349296243e-07
lh_posteriorcingulate_part2,0.51506975545768,-0.65127341,0.532353975439481
lh_precentral_part1,1.00346163485199e-05,-4.445331483,2.91571871258879e-05
lh_precentral_part2,2.09519079863441e-09,-6.057674694,3.79599274105528e-08
lh_precentral_part3,0.000265191167594048,-3.663054152,0.000472132252132755
lh_precentral_part4,1.31250941226568e-08,-5.74214654,1.39397551371666e-07
lh_precentral_part5,1.96239477645577e-06,-4.79422268,7.28213965239008e-06
lh_precentral_part6,0.000105221373754572,-3.897709047,0.000206421548512153
lh_precentral_part7,6.05378747131624e-10,-6.261629999,1.33183324368957e-08
lh_precentral_part8,8.42022370717288e-08,-5.412577112,6.48357225452312e-07
lh_precentral_part9,5.74104119799301e-09,-5.88610004,6.83062791627921e-08
lh_precuneus_part1,0.000810042742020567,-3.362547947,0.00129271069711054
lh_precuneus_part2,2.48099629729381e-09,-6.030100361,4.06614999448607e-08
lh_precuneus_part3,3.14244076523584e-05,-4.189151119,7.3323617855503e-05
lh_precuneus_part4,0.000206749495535341,-3.728300385,0.000379845226310016
lh_precuneus_part5,0.0161493819366629,-2.410369757,0.0201376908360007
lh_precuneus_part6,1.29759193256973e-06,-4.878869085,5.25866204251943e-06
lh_precuneus_part7,5.75846037520478e-11,-6.638586791,2.5337225650901e-09
lh_rostralanteriorcingulate_part1,2.69994082646718e-09,-6.012736682,4.06614999448607e-08
lh_rostralmiddlefrontal_part1,0.0632179886522862,-1.860261144,0.071585075385677
lh_rostralmiddlefrontal_part2,8.32436139179826e-05,-3.954557069,0.000168676999814322
lh_rostralmiddlefrontal_part3,1.08591655378909e-05,-4.427292142,3.01317386096432e-05
lh_rostralmiddlefrontal_part4,0.000793722243407458,-3.367943341,0.00127326276546613
lh_rostralmiddlefrontal_part5,5.62158320904782e-06,-4.570106701,1.86177164342659e-05
lh_rostralmiddlefrontal_part6,0.00258007982061714,-3.023151236,0.003612111748864
lh_rostralmiddlefrontal_part7,2.56692461703123e-05,-4.233045213,6.27470461940967e-05
lh_rostralmiddlefrontal_part8,1.19049087544676e-05,-4.406285305,3.27384990747859e-05
lh_rostralmiddlefrontal_part9,4.01644915992705e-07,-5.107548763,2.1702918267676e-06
lh_rostralmiddlefrontal_part10,0.000485585946104483,-3.502190471,0.000812828648914026
lh_superiorfrontal_part1,9.30062992132719e-06,-4.460213068,2.72818477692264e-05
lh_superiorfrontal_part2,1.10797656738271e-06,-4.909105869,4.61157814532262e-06
lh_superiorfrontal_part3,8.08157349152516e-07,-4.974937985,3.71827068150124e-06
lh_superiorfrontal_part4,2.15762085744586e-05,-4.274816985,5.40282296010834e-05
lh_superiorfrontal_part5,8.3790847310361e-05,-3.952219508,0.000168676999814322
lh_superiorfrontal_part6,0.0671596260344534,-1.832985337,0.0757698345004089
lh_superiorfrontal_part7,0.000481147984497832,-3.505540486,0.000812682623624557
lh_superiorfrontal_part8,2.92119603355623e-05,-4.202158828,6.92098752565629e-05
lh_superiorfrontal_part9,2.85916260001073e-07,-5.176783136,1.63078163111723e-06
lh_superiorfrontal_part10,0.603929121063092,-0.518960707,0.617973984343629
lh_superiorfrontal_part11,0.000358963690276215,-3.583683104,0.000621128183174574
lh_superiorfrontal_part12,1.62431436501187e-06,-4.829017234,6.33276992941337e-06
lh_superiorfrontal_part13,0.00634253587777056,-2.736598691,0.00838412467962804
lh_superiorparietal_part1,6.15045567364803e-07,-5.026703278,2.95990679294311e-06
lh_superiorparietal_part2,8.57561940824647e-05,-3.94773821,0.000171512388164929
lh_superiorparietal_part3,6.03336374860319e-07,-5.034832675,2.94964449931712e-06
lh_superiorparietal_part4,1.97880046356458e-05,-4.294825019,4.99566018670402e-05
lh_superiorparietal_part5,0.00100115590746597,-3.302501226,0.00157324499744652
lh_superiorparietal_part6,2.6555868545719e-05,-4.22534887,6.44032087565469e-05
lh_superiorparietal_part7,8.15330901582367e-06,-4.489100022,2.41463382391701e-05
lh_superiorparietal_part8,0.00122937925159994,-3.243693806,0.00183810101695525
lh_superiorparietal_part9,2.67508219908841e-07,-5.187128229,1.55457607041364e-06
lh_superiorparietal_part10,0.000256450753333248,-3.671701167,0.000459225767596747
lh_superiortemporal_part1,0.0401441435661292,-2.055722259,0.046834834160484
lh_superiortemporal_part2,0.032093165183223,-2.146870906,0.0383127708388864
lh_superiortemporal_part3,0.00171422148848199,-3.146071071,0.00247878036832138
lh_superiortemporal_part4,8.4298866775967e-09,-5.823029433,9.280481383378e-08
lh_superiortemporal_part5,0.000269298978922472,-3.659307653,0.000476690146598399
lh_superiortemporal_part6,1.46222239094662e-07,-5.305746049,1.00080999202569e-06
lh_superiortemporal_part7,5.76611447478115e-09,-5.889490827,6.83062791627921e-08
lh_supramarginal_part1,6.71593635259704e-06,-4.532904978,2.04802811544543e-05
lh_supramarginal_part2,2.98179109162744e-05,-4.19898942,7.01062332993322e-05
lh_supramarginal_part3,0.00176030230105984,-3.137764398,0.00253351919965621
lh_supramarginal_part4,6.87880419292242e-10,-6.242167949,1.41244779428007e-08
lh_supramarginal_part5,1.01783285070267e-05,-4.441408412,2.92983661697591e-05
lh_supramarginal_part6,5.20281723703775e-07,-5.058044065,2.58462533710908e-06
lh_supramarginal_part7,3.30115027535882e-05,-4.174979742,7.58771854336207e-05
lh_frontalpole_part1,0.113767990825691,-1.583258218,0.126500148643729
lh_temporalpole_part1,0.426126027540303,-0.796248994,0.444904462652249
lh_transversetemporal_part1,0.000349095142702205,-3.591512616,0.000607464994080673
lh_insula_part1,0.000501264977657789,-3.494374609,0.000831536655237412
lh_insula_part2,0.305364482722299,-1.025650699,0.324318140270579
lh_insula_part3,0.00622759698168407,-2.743016412,0.00826767185499437
lh_insula_part4,0.0297666651230125,-2.177300958,0.0356736687077348
rh_bankssts_part1,0.383648623700554,-0.871690531,0.401917605781533
rh_bankssts_part2,0.00118405968525315,-3.254399005,0.00178769795616652
rh_caudalanteriorcingulate_part1,0.0153474897414918,-2.429098826,0.0192155562617052
rh_caudalmiddlefrontal_part1,0.0508682323801739,-1.955337715,0.0584605058697521
rh_caudalmiddlefrontal_part2,6.46793121394929e-07,-5.021417534,3.06480432907135e-06
rh_caudalmiddlefrontal_part3,0.0038840912579976,-2.895301905,0.00531688936650338
rh_caudalmiddlefrontal_part4,2.19834150883003e-11,-6.798712527,1.28858235193263e-09
rh_cuneus_part1,0.00272803339183625,-3.005831975,0.00380196508907495
rh_cuneus_part2,0.00125584939146928,-3.23736867,0.00185962313736797
rh_cuneus_part3,0.00119048393176602,-3.252137355,0.0017886295169948
rh_entorhinal_part1,0.988656822401446,-0.014221459,0.988656822401446
rh_fusiform_part1,1.0237098480026e-07,-5.375538893,7.50720555201904e-07
rh_fusiform_part2,0.0117995374168323,-2.524071737,0.0152060984283863
rh_fusiform_part3,1.73985367188934e-05,-4.321932539,4.54131297408403e-05
rh_fusiform_part4,0.000146857499683795,-3.814541875,0.000279210554954375
rh_fusiform_part5,2.30522491095897e-08,-5.644216276,2.08826256639813e-07
rh_inferiorparietal_part1,1.87689401186519e-05,-4.304026487,4.81736129712066e-05
rh_inferiorparietal_part2,8.88955575817363e-13,-7.267732659,1.36899158675874e-10
rh_inferiorparietal_part3,1.4071908913893e-05,-4.37010884,3.80188416270091e-05
rh_inferiorparietal_part4,1.03121254659833e-05,-4.439336725,2.9408654106693e-05
rh_inferiorparietal_part5,0.000533997660267849,-3.477182401,0.000874847230651582
rh_inferiorparietal_part6,0.00138602441165647,-3.208726081,0.00203283580376283
rh_inferiorparietal_part7,3.24085203118329e-12,-7.076872564,3.32727475201485e-10
rh_inferiorparietal_part8,1.27388536645956e-05,-4.391248161,3.47218312273933e-05
rh_inferiorparietal_part9,2.70722540574031e-06,-4.72500652,9.58420028698868e-06
rh_inferiorparietal_part10,4.59710535416491e-07,-5.083582531,2.44122146393585e-06
rh_inferiortemporal_part1,0.00096532470975097,-3.312786024,0.00152471800309384
rh_inferiortemporal_part2,0.00291492946246474,-2.985888241,0.00402600123066879
rh_inferiortemporal_part3,5.06352404450183e-10,-6.28913925,1.2996378380888e-08
rh_inferiortemporal_part4,1.7299430932205e-06,-4.817550626,6.5780552186656e-06
rh_inferiortemporal_part5,0.000142978233871993,-3.819793241,0.000273523577842074
rh_isthmuscingulate_part1,3.48796937125195e-05,-4.163496848,7.89922475254119e-05
rh_isthmuscingulate_part2,5.1354437691109e-05,-4.071989246,0.00011297976292044
rh_lateraloccipital_part1,0.0047381368716708,-2.831749723,0.0063726906396271
rh_lateraloccipital_part2,6.22582245879411e-06,-4.547493352,1.95668705847815e-05
rh_lateraloccipital_part3,0.65923566079042,-0.44113401,0.672333058024666
rh_lateraloccipital_part4,0.000251378544590231,-3.676523465,0.000452775390256088
rh_lateraloccipital_part5,0.0364528676852345,-2.095333341,0.043017177191771
rh_lateraloccipital_part6,9.97588490370127e-07,-4.930593145,4.45062586980072e-06
rh_lateraloccipital_part7,0.0467611462017977,-1.991557637,0.0539416967421487
rh_lateraloccipital_part8,0.0195302994638897,-2.339922207,0.0239654670712272
rh_lateraloccipital_part9,0.00233146793701089,-3.053807994,0.00330918029769288
rh_lateralorbitofrontal_part1,0.0351216031575471,-2.110545818,0.0416055914327865
rh_lateralorbitofrontal_part2,0.00364759631904099,-2.915630655,0.00501544493868136
rh_lateralorbitofrontal_part3,0.193094192219143,-1.302547182,0.211647726702833
rh_lateralorbitofrontal_part4,0.00124693444663015,-3.238683315,0.00185534207517917
rh_lingual_part1,0.0147428128092494,-2.444089453,0.0186097801034787
rh_lingual_part2,0.00038913203585611,-3.561836622,0.000665848150242677
rh_lingual_part3,2.38763423032751e-06,-4.753066923,8.55106212721944e-06
rh_lingual_part4,0.496238587918708,-0.680747771,0.51461779487866
rh_lingual_part5,0.56371864094125,-0.577563264,0.578751138033017
rh_lingual_part6,4.32094770463909e-06,-4.628503827,1.462474607724e-05
rh_medialorbitofrontal_part1,3.29568025370097e-05,-4.176063426,7.58771854336207e-05
rh_medialorbitofrontal_part2,1.51927470604107e-10,-6.48859921,4.67936609460651e-09
rh_medialorbitofrontal_part3,5.02284216552518e-07,-5.069107069,2.57839231163626e-06
rh_middletemporal_part1,0.00177538069925653,-3.135773738,0.00254333607149308
rh_middletemporal_part2,0.000482860130270435,-3.504952044,0.000812682623624557
rh_middletemporal_part3,6.08361140352898e-06,-4.554075275,1.93170341472879e-05
rh_middletemporal_part4,0.000180769242278167,-3.761712654,0.000335403172419732
rh_middletemporal_part5,0.0378391681005821,-2.079687204,0.0444826861640431
rh_middletemporal_part6,2.28083101805332e-06,-4.761632612,8.26465827718144e-06
rh_parahippocampal_part1,0.000239678018037703,-3.690839463,0.000436809642340903
rh_parahippocampal_part2,0.00198175519198585,-3.103785919,0.00282583610709093
rh_paracentral_part1,2.26665660358893e-05,-4.262541878,5.6300825314951e-05
rh_paracentral_part2,0.0233175429643971,-2.272540745,0.0284992191787076
rh_paracentral_part3,1.01150587950016e-06,-4.926899001,4.45062586980072e-06
rh_parsopercularis_part1,0.000504861540679857,-3.492504716,0.000831536655237412
rh_parsopercularis_part2,5.86909649502587e-06,-4.560457298,1.90282286365049e-05
rh_parsopercularis_part3,0.000142780915574403,-3.820790071,0.000273523577842074
rh_parsorbitalis_part1,8.08844596300595e-07,-4.974997299,3.71827068150124e-06
rh_parstriangularis_part1,1.57754077578787e-07,-5.286028659,1.01225533113055e-06
rh_parstriangularis_part2,0.00523051075059766,-2.800233917,0.00700433613558296
rh_parstriangularis_part3,0.000504538292361967,-3.492107497,0.000831536655237412
rh_pericalcarine_part1,0.272687359674821,-1.097637043,0.292640093309565
rh_pericalcarine_part2,0.0685196042632383,-1.824058571,0.0770220369090416
rh_pericalcarine_part3,0.127351701121224,-1.526217311,0.141094690450852
rh_postcentral_part1,0.953729511017543,0.0580445596492587,0.956836121802616
rh_postcentral_part2,1.04571319030633e-05,-4.43663242,2.95200097327974e-05
rh_postcentral_part3,0.770231303553412,0.292176061244865,0.776121421323567
rh_postcentral_part4,0.696331609498856,-0.390420467,0.707822230117649
rh_postcentral_part5,0.0249730982406952,-2.24601034,0.0302823395989532
rh_postcentral_part6,0.0350650281879761,-2.111212158,0.0416055914327865
rh_postcentral_part7,0.0422825118523297,-2.034197281,0.049143447737802
rh_postcentral_part8,0.00468849560846907,-2.835732782,0.00633358178687927
rh_posteriorcingulate_part1,0.00112287491250085,-3.268355447,0.00171210630222902
rh_posteriorcingulate_part2,0.0731181872556008,-1.794460379,0.0818923697262729
rh_precentral_part1,5.86181775485972e-06,-4.5604599,1.90282286365049e-05
rh_precentral_part2,1.90288239723113e-05,-4.302661475,4.84370064749743e-05
rh_precentral_part3,4.01216454060105e-07,-5.110588402,2.1702918267676e-06
rh_precentral_part4,5.44139892033613e-08,-5.496866652,4.52959693909061e-07
rh_precentral_part5,1.32923227980086e-10,-6.507427744,4.54892824642962e-09
rh_precentral_part6,0.000556255289909879,-3.46551888,0.000906490102075359
rh_precentral_part7,7.30314189123504e-08,-5.438885232,5.76760949359075e-07
rh_precentral_part8,1.55863719930593e-07,-5.292235182,1.01225533113055e-06
rh_precentral_part9,1.10917992790505e-07,-5.358768055,7.94482366964545e-07
rh_precuneus_part1,6.30781039290262e-06,-4.547072458,1.96242990001415e-05
rh_precuneus_part2,5.85384815300349e-05,-4.041469831,0.000125207307717019
rh_precuneus_part3,1.9198642675633e-11,-6.816700248,1.28858235193263e-09
rh_precuneus_part4,2.83454944239869e-05,-4.211049355,6.76776145937052e-05
rh_precuneus_part5,6.48885682807965e-06,-4.539928268,1.99856790304853e-05
rh_precuneus_part6,4.72798789008522e-09,-5.920023898,6.33139247889673e-08
rh_precuneus_part7,0.000343627095498955,-3.59563149,0.000601347417123171
rh_rostralanteriorcingulate_part1,1.60580924601916e-06,-4.835354527,6.33276992941337e-06
rh_rostralmiddlefrontal_part1,4.21451674792461e-05,-4.119210588,9.47497195883782e-05
rh_rostralmiddlefrontal_part2,0.000855687272763861,-3.346880488,0.00135851381449108
rh_rostralmiddlefrontal_part3,0.00104012564595402,-3.291758727,0.00161797322703958
rh_rostralmiddlefrontal_part4,0.0015922783491743,-3.168159748,0.00231331005446078
rh_rostralmiddlefrontal_part5,3.99088136981973e-08,-5.547329581,3.41442072751244e-07
rh_rostralmiddlefrontal_part6,0.0190554265502854,-2.349082601,0.0234762855099516
rh_rostralmiddlefrontal_part7,4.90549754939007e-06,-4.60036782,1.64227526653494e-05
rh_rostralmiddlefrontal_part8,0.00106131477024196,-3.286287129,0.00163998073627675
rh_rostralmiddlefrontal_part9,0.210128913557481,-1.254229454,0.22788628653417
rh_rostralmiddlefrontal_part10,0.00665473334506805,-2.72070042,0.00875922166786735
rh_superiorfrontal_part1,0.750201770146209,-0.318477933,0.760072846069185
rh_superiorfrontal_part2,5.94841363077414e-06,-4.557310968,1.9084493732067e-05
rh_superiorfrontal_part3,0.0166915580346205,-2.398737374,0.0207298382042868
rh_superiorfrontal_part4,1.44522849411244e-05,-4.362374989,3.87069892336201e-05
rh_superiorfrontal_part5,1.43348241732344e-06,-4.858175396,5.73392966929376e-06
rh_superiorfrontal_part6,7.42199326296822e-05,-3.982680026,0.000154457697634744
rh_superiorfrontal_part7,0.00276371282145782,-3.002044454,0.00383434031085139
rh_superiorfrontal_part8,1.57328132144308e-05,-4.344499466,4.17733316383162e-05
rh_superiorfrontal_part9,4.87398867562439e-05,-4.083328044,0.000107999173531821
rh_superiorfrontal_part10,7.39434566043862e-06,-4.512518264,2.21112472176223e-05
rh_superiorfrontal_part11,0.204103514349262,-1.270989009,0.222921568863733
rh_superiorfrontal_part12,0.0456091536309543,-2.002061087,0.052810598941105
rh_superiorfrontal_part13,2.76896386591785e-05,-4.215154049,6.66281930236483e-05
rh_superiorparietal_part1,3.47686871216002e-06,-4.67183062,1.21690404925601e-05
rh_superiorparietal_part2,9.79608075768468e-08,-5.377053313,7.3590070082119e-07
rh_superiorparietal_part3,0.000134540489340029,-3.835523561,0.00026061931268383
rh_superiorparietal_part4,1.18753302758012e-06,-4.894351214,4.87680229992904e-06
rh_superiorparietal_part5,0.0139433726820926,-2.464277735,0.0177461106862996
rh_superiorparietal_part6,7.42051543392019e-05,-3.983382966,0.000154457697634744
rh_superiorparietal_part7,0.0248854110451665,-2.247069402,0.0302823395989532
rh_superiorparietal_part8,2.61809685042635e-09,-6.019508442,4.06614999448607e-08
rh_superiorparietal_part9,0.0181068749965533,-2.368347262,0.0223972590318812
rh_superiorparietal_part10,7.57421412240777e-05,-3.977491158,0.00015656764763098
rh_superiortemporal_part1,0.00145816926663878,-3.193971175,0.00212851248400352
rh_superiortemporal_part2,0.00012414654396542,-3.856619155,0.000242007186970565
rh_superiortemporal_part3,3.09223738170772e-07,-5.163409969,1.73165293375632e-06
rh_superiortemporal_part4,3.40473582671752e-05,-4.167271717,7.76784173799256e-05
rh_superiortemporal_part5,9.45000403046459e-05,-3.924833664,0.000186577002652762
rh_superiortemporal_part6,8.21606396694818e-07,-4.971487328,3.72139367914712e-06
rh_supramarginal_part1,0.0383590136330201,-2.074409618,0.0449223429618638
rh_supramarginal_part2,1.08267449461241e-06,-4.916506887,4.56799649781675e-06
rh_supramarginal_part3,7.72901039107765e-05,-3.973473663,0.000158702346696794
rh_supramarginal_part4,1.05859345433945e-06,-4.920701726,4.53155901488274e-06
rh_supramarginal_part5,0.0010158942992069,-3.298597629,0.00158830174698337
rh_supramarginal_part6,8.43680125761637e-09,-5.817818605,9.280481383378e-08
rh_supramarginal_part7,2.53130849614536e-14,-7.773588055,7.7964301681277e-12
rh_frontalpole_part1,0.0011840184590951,-3.254459228,0.00178769795616652
rh_temporalpole_part1,0.0555796330200441,-1.917151399,0.0631679961999025
rh_transversetemporal_part1,1.84904188516022e-07,-5.262383949,1.13900980125869e-06
rh_insula_part1,0.261401230437736,-1.123863034,0.281509017394485
rh_insula_part2,0.00417384216906846,-2.873520275,0.00568824507996941
rh_insula_part3,0.00586486476531012,-2.762752846,0.00781981968708016
rh_insula_part4,0.109114447121052,-1.603974061,0.121765397511899
